{
  "name": "nombre",
  "height": "altura",
  "mass": "masa",
  "hairColor": "color_de_pelo",
  "skinColor": "color_de_piel",
  "eyeColor": "color_de_ojos",
  "birthYear": "fecha_de_nacimiento",
  "gender": "genero",
  "homeworld": "mundo_natal",
  "films": "peliculas",
  "species": "especies",
  "vehicles": "vehiculos",
  "starships": "naves_espaciales",
  "url": "url",
  "created": "creado",
  "edited": "editado",
  "model": "modelo",
  "manufacturer": "fabricante",
  "costInCredits": "costo_en_creditos",
  "length": "longitud",
  "maxAtmospheringSpeed": "velocidad_maxima_de_atmosfera",
  "crew": "tripulacion",
  "passengers": "pasajeros",
  "cargoCapacity": "capacidad_de_carga",
  "consumables": "consumibles",
  "vehicleClass": "tipo_de_vehiculo",
  "pilots": "pilotos",
  "title": "título",
  "episodeId": "episodio",
  "openingCrawl": "apertura",
  "director": "director",
  "producer": "productor",
  "releaseDate": "fecha_de_lanzamiento",
  "characters": "personajes",
  "planets": "planetas",
  "rotationPeriod": "periodo_de_rotacion",
  "orbitalPeriod": "periodo_orbital",
  "diameter": "diametro",
  "climate": "clima",
  "gravity": "gravedad",
  "terrain": "terreno",
  "surfaceWater": "superficie_acuatica",
  "population": "poblacion",
  "residents": "residentes",
  "classification": "clasificacion",
  "designation": "denominacion",
  "averageHeight": "altura_media",
  "averageLifespan": "promedio_de_vida",
  "hairColors": "colores_de_cabello",
  "skinColors": "colores_de_piel",
  "eyeColors": "colores_de_ojos",
  "language": "idioma",
  "people": "personas",
  "hyperdriveRating": "manejo_a_hipervelocidad",
  "mglt": "megaluz_por_hora",
  "starshipClass": "tipo_de_nave"
}