{
  "nombre": "name",
  "altura": "height",
  "masa": "mass",
  "color_de_pelo": "hair_color",
  "color_de_piel": "skin_color",
  "color_de_ojos": "eye_color",
  "fecha_de_nacimiento": "birth_year",
  "genero": "gender",
  "mundo_natal": "homeworld",
  "peliculas": "films",
  "especies": "species",
  "vehiculos": "vehicles",
  "naves_espaciales": "starships",
  "url": "url",
  "creado": "created",
  "editado": "edited",
  "modelo": "model",
  "fabricante": "manufacturer",
  "costo_en_creditos": "cost_in_credits",
  "longitud": "length",
  "velocidad_maxima_de_atmosfera": "max_atmosphering_speed",
  "tripulacion": "crew",
  "pasajeros": "passengers",
  "capacidad_de_carga": "cargo_capacity",
  "consumibles": "consumables",
  "tipo_de_vehiculo": "vehicle_class",
  "pilotos": "pilots",
  "título": "title",
  "episodio": "episode_id",
  "apertura": "opening_crawl",
  "director": "director",
  "productor": "producer",
  "fecha_de_lanzamiento": "release_date",
  "personajes": "characters",
  "planetas": "planets",
  "periodo_de_rotacion": "rotation_period",
  "periodo_orbital": "orbital_period",
  "diametro": "diameter",
  "clima": "climate",
  "gravedad": "gravity",
  "terreno": "terrain",
  "superficie_acuatica": "surfaceWater",
  "poblacion": "population",
  "residentes": "residents",
  "clasificacion": "classification",
  "denominacion": "designation",
  "altura_media": "averageHeight",
  "promedio_de_vida": "averageLifespan",
  "colores_de_cabello": "hair_colors",
  "colores_de_piel": "skin_colors",
  "colores_de_ojos": "eye_colors",
  "idioma": "language",
  "personas": "people",
  "manejo_a_hipervelocidad": "hyperdrive_rating",
  "megaluz_por_hora": "mglt",
  "tipo_de_nav": "starship_classe"
}